{
    "music": 12.333333333333334,
    "sfx": 63.22222222222222,
    "resolution": "fullscreen"
}