{
    "archer_tower": {
        "damage_mult": 2.100000000000001,
        "range_mult": 1.5500000000000005,
        "fire_rate_mult": 0.5688000922764596,
        "projectile_speed_mult": 2.100000000000001
    },
    "stone_tower": {
        "damage_mult": 2.7000000000000015,
        "range_mult": 1.8500000000000008,
        "fire_rate_mult": 0.41812033521917696,
        "projectile_speed_mult": 2.7000000000000015
    },
    "slingshot_tower": {
        "damage_mult": 1.0,
        "range_mult": 1.0,
        "fire_rate_mult": 1.0,
        "projectile_speed_mult": 1.0
    },
    "bomb_tower": {
        "damage_mult": 2.100000000000001,
        "range_mult": 1.5500000000000005,
        "fire_rate_mult": 0.5688000922764596,
        "projectile_speed_mult": 2.100000000000001
    }
}